{
	"n" : 0.28630241667373507,
	"offset" : -7.57069286709520384
}
